Run,Iteration,agent-0,agent-1,agent-2,agent-3,agent-4,agent-5,agent-6,agent-7,agent-8,agent-9,agent-10,agent-11,agent-12,agent-13,agent-14,agent-15,agent-16,agent-17,agent-18,agent-19,agent-20,agent-21,agent-22,agent-23,agent-24,agent-25,agent-26,agent-27,agent-28,agent-29,agent-30,agent-31
0,0,28,49,19,0,28,35,35,5,29,23,5,8,22,43,22,1,27,16,17,8,33,25,16,5,51,23,48,2,36,0,2,9
0,1,28,49,19,0,28,35,35,5,29,27,31,22,2,43,22,1,27,16,17,8,33,26,5,5,51,23,48,9,36,0,2,9
0,2,28,9,22,9,7,35,35,5,29,27,31,22,2,43,22,1,27,1,0,8,33,26,5,5,51,2,48,9,36,0,2,9
0,3,7,9,22,9,7,35,35,5,29,27,31,35,2,43,22,1,14,1,0,8,33,26,54,5,14,2,48,9,36,0,2,9
0,4,7,9,22,9,7,15,24,5,29,27,31,35,2,43,22,1,14,1,0,26,33,26,54,5,14,2,48,9,36,0,2,9
0,5,7,9,44,9,7,15,24,5,29,27,31,35,2,43,6,1,14,1,0,26,33,26,54,5,14,2,48,9,36,0,2,9
0,6,7,9,44,9,7,15,24,5,29,27,31,35,2,43,6,1,14,1,0,52,33,26,54,5,14,2,48,9,36,0,2,9
0,7,7,9,44,9,7,15,24,5,29,27,31,35,2,43,6,1,14,1,0,52,33,26,54,5,14,2,48,9,36,0,2,9
0,8,7,9,44,9,7,15,24,5,29,27,31,35,2,43,6,1,14,1,0,52,33,26,54,5,14,2,48,9,36,0,2,9
0,9,7,9,44,9,7,15,24,5,29,27,31,35,2,43,6,1,14,1,0,52,33,26,54,5,14,2,48,9,36,0,2,9
0,10,7,9,44,9,7,15,24,5,29,27,31,35,2,43,6,1,14,1,0,52,33,26,54,5,14,2,48,9,36,0,2,9
0,11,7,9,44,9,7,15,24,5,29,27,31,35,2,43,6,1,14,1,0,52,33,26,54,5,14,2,48,9,36,0,2,9
0,12,7,9,44,9,7,15,24,5,29,27,31,35,2,43,6,1,14,1,0,52,33,26,54,5,14,2,48,9,36,0,2,9
0,13,7,9,44,9,7,15,24,5,29,27,31,35,2,43,6,1,14,1,0,52,33,26,54,5,14,2,48,9,36,0,2,9
0,14,7,9,44,9,7,15,24,5,29,27,31,35,2,43,6,1,14,1,0,52,33,26,54,5,14,3,48,9,36,0,2,9
0,15,7,9,44,9,7,15,24,5,29,27,31,35,2,43,6,1,14,1,0,52,33,26,54,5,14,3,48,9,36,0,2,9
0,16,7,9,44,9,7,15,24,5,29,27,31,35,2,43,6,1,14,1,0,52,33,26,54,5,14,3,48,9,36,0,2,9
0,17,7,9,44,9,7,15,24,5,29,27,31,35,2,43,6,1,14,1,0,52,33,26,54,5,14,3,48,9,36,0,2,9
0,18,7,9,44,9,7,15,24,5,29,27,31,35,2,43,6,1,14,1,0,52,33,26,54,5,14,3,48,9,36,0,2,9
0,19,7,9,44,9,7,15,24,5,29,27,31,35,2,43,6,1,14,1,0,52,33,26,54,5,14,3,48,9,36,0,2,9
0,20,7,9,44,9,7,15,24,5,29,27,31,35,2,43,6,1,14,1,0,52,33,26,54,5,14,3,48,9,36,0,2,9
0,21,7,9,44,9,7,15,24,5,29,27,31,35,2,43,6,1,14,1,0,52,33,26,54,5,14,3,48,9,36,0,2,9
0,22,7,9,44,9,7,15,24,5,29,27,31,35,2,43,6,1,14,1,0,52,33,26,54,5,14,3,48,9,36,0,2,9
0,23,7,9,44,9,7,15,24,5,29,27,31,35,2,43,6,1,14,1,0,52,33,26,54,5,14,2,48,9,36,0,2,9
0,24,7,9,44,9,7,15,24,5,29,27,31,35,2,43,6,1,14,1,0,52,33,26,54,5,14,3,48,9,36,0,2,9
0,25,6,9,44,9,7,15,24,5,29,27,31,35,2,43,6,1,14,1,0,52,33,26,54,5,14,3,48,9,36,0,2,9
0,26,6,9,44,9,7,15,24,5,29,27,31,35,2,43,6,1,14,1,0,52,33,26,54,5,14,3,48,9,36,0,2,9
0,27,6,9,44,9,7,15,24,5,29,27,31,35,2,43,6,1,14,1,0,52,33,26,54,5,14,3,48,9,36,0,2,9
0,28,6,8,44,9,7,15,24,5,29,27,31,35,2,43,6,1,14,1,0,52,33,26,54,5,14,2,48,9,36,0,2,9
0,29,7,8,44,9,7,15,24,5,29,27,31,35,2,43,6,1,14,1,0,52,33,26,54,5,14,2,48,9,28,0,2,9
0,30,7,8,44,9,7,15,24,5,29,27,31,35,2,43,56,1,14,1,0,52,33,26,54,5,14,2,48,9,28,0,2,9
0,31,7,8,44,9,7,15,24,5,29,27,31,35,2,43,56,15,14,1,0,52,33,26,54,5,14,2,48,9,28,0,2,9
0,32,28,8,44,9,7,15,24,5,29,27,31,35,2,43,56,15,14,1,0,52,33,26,54,5,14,2,48,9,28,0,2,9
0,33,28,8,44,9,7,15,24,5,20,27,31,35,2,43,56,15,14,1,0,52,33,26,54,5,14,2,48,9,28,0,2,9
0,34,28,8,44,9,7,15,24,5,20,27,31,35,2,43,56,15,14,1,0,52,33,26,14,5,14,2,48,9,28,0,2,9
0,35,28,8,44,9,7,15,24,5,20,27,31,35,2,60,56,15,14,1,0,52,33,26,14,5,14,3,48,9,28,0,2,9
0,36,28,8,44,9,9,15,24,5,20,27,31,35,2,60,56,15,14,1,0,52,33,26,14,5,14,2,48,9,28,0,2,9
0,37,28,8,44,9,7,15,24,5,20,27,31,35,2,60,56,15,14,1,0,52,33,26,14,5,14,3,48,9,28,0,2,9
0,38,28,8,44,9,7,15,24,5,20,27,31,35,2,60,56,15,14,1,0,52,33,26,14,5,14,3,48,9,28,0,2,9
0,39,28,8,44,9,7,15,24,5,20,27,31,35,2,60,56,15,14,1,0,52,33,26,14,5,14,3,48,9,28,0,2,9
1,0,25,49,19,5,28,34,9,6,29,23,36,10,22,24,6,19,27,29,43,8,34,23,7,32,29,39,25,2,54,23,25,4
1,1,33,8,19,27,28,34,30,6,23,23,6,10,9,24,6,9,15,12,0,8,34,23,4,31,29,19,2,9,54,23,25,4
1,2,33,8,19,27,17,34,34,6,20,23,6,18,9,44,6,12,7,12,6,8,34,31,4,31,29,19,14,52,54,7,25,4
1,3,33,8,19,27,17,34,63,6,23,23,6,18,9,44,6,12,7,12,6,8,34,31,4,32,29,19,35,52,54,7,25,4
1,4,33,8,19,27,17,34,63,6,23,23,6,23,9,35,6,12,7,12,6,14,34,31,4,32,29,19,35,52,54,55,25,4
1,5,33,8,19,27,17,42,63,6,23,23,3,5,4,24,6,12,5,12,6,14,34,31,4,31,29,19,33,37,44,55,25,4
1,6,33,8,19,27,17,42,0,6,23,23,3,5,4,24,6,6,7,12,6,14,34,31,4,32,29,19,33,14,44,55,25,4
1,7,33,8,19,27,17,42,0,6,23,23,3,5,4,24,6,6,7,12,6,14,34,31,4,32,29,19,33,14,44,55,25,4
1,8,33,8,19,27,17,42,0,6,23,23,2,5,4,24,6,6,7,12,6,14,34,31,4,32,29,19,33,14,44,55,25,4
1,9,33,8,19,27,15,42,0,6,23,23,2,5,4,24,6,6,7,12,6,14,34,32,4,32,29,19,33,14,44,55,25,4
1,10,33,8,19,27,15,42,0,6,23,23,2,5,4,24,6,6,7,12,6,14,34,32,4,31,29,19,33,14,44,55,25,4
1,11,33,8,19,27,17,42,0,6,23,23,2,5,4,24,6,6,7,12,6,14,34,31,4,31,29,19,33,14,44,55,25,4
1,12,33,8,19,27,17,42,0,6,23,23,2,5,4,24,6,6,7,12,6,14,34,31,4,31,29,19,33,14,44,55,25,4
1,13,33,8,19,27,17,42,0,6,23,23,3,5,4,24,6,6,5,12,6,14,34,31,4,32,29,19,33,15,44,55,25,4
1,14,33,8,19,27,17,42,0,6,23,23,3,5,4,24,6,6,5,12,6,14,34,31,4,31,29,19,33,15,44,55,25,4
1,15,33,8,19,27,17,42,0,6,23,23,3,5,4,24,6,6,5,12,6,14,34,31,4,31,29,19,33,15,44,55,25,4
1,16,33,8,19,27,17,42,0,6,23,23,3,5,4,24,6,6,5,12,6,14,34,31,4,32,29,19,33,15,44,55,25,4
1,17,33,8,19,27,17,42,0,6,23,23,3,5,4,24,6,6,5,12,6,14,34,31,4,32,29,19,33,15,44,55,25,4
1,18,33,8,19,27,17,42,0,6,23,23,3,5,4,24,6,6,5,12,6,14,34,31,4,32,29,19,33,15,44,55,25,4
1,19,33,8,19,27,17,42,0,6,23,23,3,5,4,24,6,6,5,12,6,14,34,31,4,31,29,19,35,15,44,55,26,4
1,20,33,8,19,27,17,42,0,6,23,23,3,5,4,24,6,6,5,12,6,14,34,31,4,32,29,19,35,15,44,55,26,4
1,21,33,8,19,27,17,42,0,6,23,23,3,5,4,24,6,6,5,12,6,14,34,31,4,32,29,19,35,15,44,55,26,4
1,22,33,8,19,27,17,42,0,6,23,23,3,5,4,24,6,6,5,12,6,14,34,32,4,31,29,19,35,15,44,55,27,4
1,23,33,8,19,27,17,42,0,6,23,23,3,5,4,24,6,6,5,12,6,14,34,32,4,32,29,19,35,15,44,55,27,4
1,24,33,8,19,27,17,42,0,6,23,23,3,5,4,24,6,6,5,12,6,14,34,32,4,31,29,19,35,15,44,55,26,4
1,25,33,8,19,27,17,42,0,6,23,23,3,5,4,24,6,6,5,12,6,14,34,32,4,31,29,19,35,15,44,55,26,4
1,26,33,8,19,27,17,42,0,6,23,23,3,5,4,24,6,6,5,12,6,14,34,32,4,32,29,19,35,15,44,55,26,4
1,27,33,8,19,27,17,42,0,6,23,23,3,5,4,24,6,6,5,12,6,14,34,32,4,32,29,19,35,15,44,55,26,4
1,28,33,8,19,27,17,42,0,6,23,23,3,5,4,24,6,6,5,12,6,14,34,32,4,31,29,19,35,15,44,55,26,4
1,29,33,8,19,27,17,42,0,6,23,23,3,5,4,24,6,6,5,12,6,14,34,32,4,32,29,19,35,15,44,55,26,4
1,30,33,8,19,27,17,42,0,6,23,23,3,5,4,24,6,6,5,12,6,14,34,32,4,32,29,19,35,15,44,55,26,4
1,31,33,8,19,27,17,42,0,6,23,23,2,5,4,24,6,6,5,12,6,14,34,32,4,32,29,19,35,15,44,55,26,4
1,32,33,8,19,27,17,42,0,6,23,23,2,5,4,24,6,6,5,12,6,14,34,32,4,31,29,19,35,15,44,55,26,4
1,33,33,8,19,27,17,42,0,6,23,23,2,5,4,24,6,6,5,12,6,14,34,32,4,32,29,19,35,15,44,55,26,4
1,34,33,8,19,27,17,42,0,6,23,23,2,5,4,24,6,6,5,12,6,14,34,32,4,31,29,19,35,15,44,55,26,4
1,35,33,8,19,27,17,42,0,6,23,23,2,5,4,24,6,6,5,12,6,14,34,32,4,31,29,19,35,15,44,55,26,4
1,36,33,8,19,27,17,42,0,6,23,23,2,5,4,24,6,6,5,12,6,14,34,32,4,32,29,19,35,15,44,55,26,4
1,37,33,8,19,27,17,42,0,6,23,23,2,5,4,24,6,6,5,12,6,14,34,32,4,32,29,19,35,15,44,55,26,4
1,38,33,8,19,27,17,42,0,6,23,23,2,5,4,24,6,6,5,12,6,14,34,32,4,32,29,19,35,14,44,55,26,4
1,39,33,8,19,27,17,42,0,6,23,23,2,5,4,24,6,6,5,12,6,14,34,32,4,32,29,19,35,14,44,55,26,4
2,0,28,49,19,1,35,35,45,7,24,23,2,5,27,43,6,7,27,34,43,14,33,33,30,8,24,40,39,0,54,37,19,4
2,1,25,8,31,1,6,8,2,22,24,23,3,5,27,3,6,7,27,12,43,14,33,1,9,8,39,24,34,0,30,37,11,4
2,2,25,8,31,1,20,8,2,22,24,23,2,5,27,20,6,7,27,12,43,14,33,1,9,8,24,19,17,0,2,37,11,4
2,3,25,8,31,1,20,8,2,22,20,23,6,5,33,20,6,3,43,12,47,14,33,1,9,8,24,19,17,0,2,36,11,4
2,4,25,8,31,1,36,8,1,22,20,23,2,5,33,20,6,3,43,12,47,14,33,54,9,8,24,19,1,0,2,36,11,4
2,5,25,8,31,1,36,8,1,22,20,61,2,5,33,20,44,3,43,12,5,14,33,54,9,8,24,19,1,0,2,37,11,30
2,6,25,8,30,1,36,8,2,22,20,61,3,5,32,21,44,3,43,12,5,14,33,31,9,8,24,19,1,0,2,39,11,30
2,7,25,8,30,1,36,8,2,22,20,61,6,5,32,21,44,3,43,12,5,14,33,31,9,5,24,19,1,0,2,39,11,30
2,8,25,8,30,1,36,8,2,22,20,22,6,4,32,21,44,3,43,12,5,14,33,31,9,5,24,19,1,2,2,39,11,30
2,9,27,8,32,1,36,8,1,22,20,22,6,4,32,21,44,3,43,12,5,14,33,32,9,5,24,19,1,2,2,39,11,30
2,10,27,8,32,1,36,8,1,22,20,22,3,4,32,21,44,3,43,12,5,14,33,32,9,6,24,19,1,2,2,39,11,30
2,11,27,8,32,1,36,8,1,22,20,22,2,2,32,21,24,3,43,12,5,14,33,32,9,6,24,19,1,3,4,39,11,30
2,12,27,8,32,1,36,8,1,22,20,22,3,2,32,21,24,3,43,12,5,14,33,32,9,6,24,19,1,3,4,39,11,30
2,13,27,8,32,1,36,8,1,22,20,22,2,2,32,21,24,3,43,12,5,14,33,32,9,6,24,19,1,3,4,39,11,30
2,14,27,8,32,1,36,8,1,22,20,22,6,2,32,21,24,3,43,12,5,14,33,32,9,6,24,19,1,3,4,39,11,30
2,15,27,8,32,1,36,8,1,22,20,22,6,4,32,20,24,3,43,12,5,14,33,32,9,6,24,19,1,3,4,39,11,30
2,16,27,8,32,1,36,8,1,22,20,22,3,4,32,20,24,3,43,12,5,14,33,32,9,6,24,19,1,3,4,39,11,30
2,17,27,8,32,1,36,8,2,22,20,22,6,4,32,21,24,3,43,12,5,14,33,32,9,6,24,19,1,3,4,39,11,30
2,18,27,8,32,1,36,8,2,22,20,22,6,4,32,21,24,3,43,12,5,14,33,32,9,6,24,19,1,3,4,39,11,30
2,19,27,8,32,1,36,8,2,22,20,22,6,4,32,20,24,3,43,12,5,14,33,32,9,6,24,19,1,3,4,39,11,30
2,20,27,8,32,1,36,8,1,22,20,22,3,4,32,21,24,3,43,12,5,14,33,32,9,6,24,19,1,3,4,39,11,30
2,21,27,8,32,1,36,8,1,22,20,22,6,4,32,21,24,3,43,12,5,14,33,32,9,6,24,19,1,3,4,39,11,30
2,22,27,8,32,1,36,8,1,22,20,22,6,4,32,21,24,3,43,12,5,14,33,31,9,6,24,19,1,3,4,39,11,30
2,23,27,8,30,1,36,8,2,22,20,22,3,4,32,21,24,3,43,12,5,14,33,31,9,6,24,19,1,3,4,39,11,30
2,24,27,8,30,1,36,8,1,22,20,22,6,2,32,21,24,3,43,12,5,14,33,32,9,6,24,19,1,2,4,39,11,29
2,25,27,8,32,1,36,8,1,22,20,22,6,4,32,21,24,3,43,12,5,14,33,32,9,6,24,19,1,3,4,39,11,30
2,26,27,8,32,1,36,8,1,22,20,22,3,4,32,21,24,3,43,12,5,14,33,32,9,6,24,19,1,3,4,39,11,30
2,27,27,8,32,1,36,8,1,22,20,22,2,4,32,21,24,3,43,12,5,14,33,32,9,6,24,19,1,3,4,39,11,30
2,28,27,8,32,1,36,8,1,22,20,22,3,4,32,21,24,3,43,12,5,14,33,32,9,6,24,19,1,3,4,39,11,30
2,29,27,8,32,1,36,8,1,22,20,22,2,4,32,21,24,3,43,12,5,14,33,32,9,6,24,19,1,3,4,39,11,30
2,30,27,8,32,1,36,8,1,22,20,22,2,4,32,21,24,3,43,12,5,14,33,32,9,6,24,19,1,3,4,39,11,30
2,31,27,8,32,1,36,8,1,22,20,22,6,4,32,21,24,3,43,12,5,14,33,32,9,6,24,19,1,3,2,39,11,30
2,32,27,8,32,1,36,8,1,22,20,22,3,4,32,21,24,3,43,12,5,14,33,32,9,6,24,19,1,3,2,39,11,30
2,33,27,8,32,1,36,8,1,22,20,22,6,4,32,21,24,3,43,12,5,14,33,32,9,6,24,19,1,3,2,39,11,30
2,34,27,8,32,1,36,8,1,22,20,22,2,4,32,21,24,3,43,12,5,14,33,32,9,6,24,19,1,3,2,39,11,30
2,35,27,8,32,1,36,8,2,22,20,22,6,4,32,21,24,3,43,12,5,14,33,32,9,6,24,19,1,3,2,39,11,30
2,36,27,8,32,1,36,8,2,22,20,22,6,4,32,21,24,3,43,12,5,14,33,32,9,6,24,19,1,3,2,39,11,30
2,37,27,8,32,1,36,8,2,22,20,22,2,4,32,21,24,3,43,12,5,14,33,32,9,6,24,19,1,3,2,39,11,30
2,38,27,8,32,1,36,8,2,22,20,22,3,4,32,21,24,3,43,12,5,14,33,32,9,6,24,19,1,3,2,39,11,30
2,39,27,8,31,1,36,8,2,22,20,22,3,4,33,21,24,3,43,12,5,14,33,32,9,6,24,19,1,3,2,39,11,30
3,0,7,25,5,3,35,35,35,3,29,27,16,4,22,43,12,4,30,16,19,8,33,24,7,7,29,39,31,6,54,23,25,1
3,1,46,25,5,3,3,35,35,3,29,27,16,7,22,43,12,9,30,16,19,8,33,24,7,7,15,39,2,30,54,7,25,1
3,2,46,5,5,23,3,35,35,3,29,27,31,7,39,43,12,9,30,16,0,8,33,17,56,7,15,39,2,30,5,7,25,1
3,3,46,5,5,23,3,35,35,3,29,27,31,7,39,43,6,9,10,19,0,1,33,17,56,7,15,39,2,30,5,7,25,1
3,4,46,46,5,23,3,35,63,3,29,27,31,7,39,43,6,9,10,19,0,1,33,17,56,7,15,59,2,30,44,7,25,1
3,5,46,46,5,23,3,35,63,3,29,27,31,7,39,43,6,9,10,19,0,1,33,17,56,7,15,59,2,30,51,7,8,14
3,6,46,46,5,23,3,35,63,3,29,27,31,7,39,43,6,9,10,19,0,1,33,17,56,7,15,59,2,30,51,7,19,14
3,7,46,46,5,23,3,35,63,3,29,27,31,7,39,43,6,9,10,19,0,1,33,17,56,7,15,59,2,30,51,7,19,14
3,8,46,46,5,23,3,35,63,3,29,27,31,7,39,43,6,9,10,19,0,1,33,17,56,7,15,59,2,30,51,7,19,14
3,9,46,46,5,23,3,35,63,3,29,27,31,7,39,43,6,9,10,19,0,1,33,17,56,7,15,59,2,30,51,7,19,14
3,10,46,46,5,23,3,35,63,3,29,27,31,7,39,43,6,9,10,19,0,1,33,17,56,7,15,59,2,30,51,7,19,14
3,11,46,46,5,23,3,35,63,3,29,27,31,7,39,43,6,9,10,19,0,1,33,17,56,7,15,59,2,30,51,7,19,14
3,12,46,46,5,23,3,35,63,3,29,27,31,7,39,43,6,9,10,19,0,1,33,17,56,7,15,59,2,30,51,7,19,14
3,13,46,46,5,23,3,35,63,3,29,27,31,7,39,43,6,9,10,19,0,1,33,17,56,7,15,59,2,30,51,7,19,14
3,14,46,46,5,23,3,35,63,3,29,27,31,7,39,43,6,9,10,19,0,1,33,17,56,7,15,59,2,30,51,7,19,14
3,15,46,46,5,23,3,35,63,3,29,27,31,7,39,43,6,9,10,19,0,1,33,17,56,7,15,59,2,30,51,7,19,14
3,16,46,46,5,23,3,35,63,3,29,27,31,7,39,43,6,9,10,19,0,1,33,17,56,7,15,59,2,30,51,7,19,14
3,17,46,46,5,23,3,35,63,3,29,27,31,7,39,43,6,9,10,19,0,1,33,17,56,7,15,59,2,30,51,7,19,14
3,18,46,46,5,23,3,35,63,4,29,27,31,7,39,43,6,9,10,19,0,1,33,17,56,6,15,59,2,30,51,7,19,14
3,19,46,46,5,23,3,35,63,4,29,27,31,7,39,43,6,9,10,19,0,1,33,17,56,6,15,59,2,30,51,7,19,14
3,20,46,46,5,23,3,35,63,4,29,27,31,7,39,43,6,9,10,19,0,1,33,17,56,6,15,59,2,30,51,7,19,14
3,21,46,46,5,23,3,35,63,4,29,27,31,7,39,43,6,9,10,19,0,1,33,17,56,6,15,59,2,30,51,7,19,14
3,22,46,46,5,23,3,35,63,4,29,27,31,7,39,43,6,9,10,19,0,1,33,17,56,6,15,59,2,30,51,7,19,14
3,23,46,46,5,23,3,35,63,4,29,27,31,7,39,43,6,9,10,19,0,1,33,17,56,6,15,59,2,30,51,7,19,14
3,24,46,46,5,23,3,35,63,4,29,27,31,7,39,43,6,9,10,19,0,1,33,17,56,6,15,59,2,30,51,7,19,14
3,25,46,46,5,23,3,35,63,4,29,27,31,7,39,43,6,9,10,19,0,1,33,17,56,6,15,59,2,30,51,7,19,14
3,26,46,46,5,23,3,35,63,4,29,27,31,7,39,43,6,9,10,19,0,1,33,17,56,6,15,59,2,30,51,7,19,14
3,27,46,46,5,23,3,35,63,4,29,27,31,7,39,43,6,9,10,19,0,1,33,17,56,6,15,59,2,30,51,7,19,14
3,28,46,46,5,23,3,35,63,4,29,27,31,7,39,43,6,9,10,19,0,1,33,17,56,6,15,59,2,30,51,7,19,14
3,29,46,46,5,23,3,35,63,4,29,27,31,7,39,43,6,9,10,19,0,1,33,17,56,6,15,59,2,30,51,7,19,14
3,30,46,46,5,23,3,35,63,4,29,27,31,7,39,43,6,9,10,19,0,1,33,17,56,6,15,59,2,30,51,7,19,14
3,31,46,46,5,23,3,35,63,4,29,27,31,7,39,43,6,9,10,19,0,1,33,17,56,6,15,59,2,30,51,7,19,14
3,32,46,46,5,23,3,35,63,4,29,27,31,7,39,43,6,9,10,19,0,1,33,17,56,6,15,59,2,30,51,7,19,14
3,33,46,46,5,23,3,35,63,4,29,27,31,7,39,43,6,9,10,19,0,1,33,17,56,6,15,59,2,30,51,7,19,14
3,34,46,46,5,23,3,35,63,4,29,27,31,7,39,43,6,9,10,19,0,1,33,17,56,6,15,59,2,30,51,7,19,14
3,35,46,46,5,23,3,35,63,4,29,27,31,7,39,43,6,9,10,19,0,1,33,17,56,6,15,59,2,30,51,7,19,14
3,36,46,46,5,23,3,34,63,3,29,27,31,7,39,43,6,9,10,19,0,1,33,17,56,6,15,59,2,30,51,7,19,14
3,37,46,46,5,23,3,34,63,3,29,27,31,7,39,43,6,9,10,19,0,1,33,17,56,6,15,59,2,30,51,7,19,14
3,38,46,46,5,23,3,34,63,3,29,27,31,7,39,43,6,9,10,19,0,1,33,17,56,6,15,59,2,30,51,7,19,14
3,39,46,46,5,23,3,34,63,3,29,27,31,7,39,43,6,9,10,19,0,1,33,17,56,6,15,59,2,30,51,7,19,14
4,0,21,5,19,0,28,34,25,5,29,23,12,5,4,43,22,1,41,16,17,3,33,24,15,8,29,39,25,7,54,23,27,9
4,1,21,9,30,27,28,34,25,31,29,23,12,5,9,43,1,8,41,58,17,28,19,24,15,8,13,19,35,28,25,12,7,9
4,2,21,5,46,25,28,34,25,31,29,23,12,5,9,43,1,8,41,58,17,28,20,24,15,8,39,19,35,17,25,12,4,9
4,3,34,5,46,25,28,34,25,31,20,23,53,5,9,3,1,8,41,58,17,28,20,24,29,8,39,19,35,17,25,12,4,9
4,4,34,5,46,25,28,34,45,44,20,63,53,5,4,3,1,8,41,21,17,28,20,24,29,8,39,2,34,30,25,12,6,9
4,5,34,5,2,25,28,34,45,44,20,63,53,5,4,3,1,8,41,58,17,28,20,24,29,8,39,2,34,14,25,12,5,9
4,6,34,5,0,25,26,35,45,44,20,63,53,5,4,3,1,8,41,58,17,28,20,24,29,8,39,3,35,37,8,12,6,9
4,7,34,5,0,25,26,35,45,44,20,63,53,5,4,3,1,8,41,58,17,28,20,24,29,8,39,3,35,37,8,12,6,9
4,8,34,5,0,25,26,35,45,44,20,63,53,5,4,3,1,8,41,58,17,28,20,24,29,8,39,3,35,37,8,12,6,9
4,9,34,5,0,25,26,35,45,44,20,63,53,5,4,3,1,8,41,58,17,28,20,24,29,8,39,3,33,37,8,12,6,9
4,10,34,5,0,25,26,35,45,44,20,63,53,5,4,3,1,8,41,58,17,28,20,24,29,8,39,3,33,37,8,12,6,9
4,11,34,5,0,25,26,35,45,44,20,63,53,5,4,3,1,8,41,58,17,28,20,24,29,8,39,3,33,37,8,12,6,9
4,12,34,5,0,25,26,35,45,44,20,63,53,5,4,3,1,8,41,58,17,28,20,24,29,8,39,2,35,37,8,12,6,9
4,13,34,5,0,25,26,35,45,44,20,63,53,5,4,3,1,8,41,58,17,28,20,24,29,8,39,2,35,37,8,12,6,9
4,14,34,5,2,25,26,35,45,44,20,63,53,5,4,3,1,8,41,58,17,28,20,24,29,8,39,2,35,37,8,12,5,9
4,15,34,5,2,25,26,35,45,44,20,63,53,5,4,3,1,8,41,58,17,28,20,24,29,8,39,2,35,37,8,12,5,9
4,16,34,5,2,25,26,35,45,44,20,63,53,5,4,3,1,8,41,58,17,28,20,24,29,8,39,2,35,37,8,12,5,9
4,17,34,5,2,25,26,35,45,44,20,63,53,5,4,3,1,8,41,58,17,28,20,24,29,8,39,2,35,37,8,12,5,9
4,18,34,5,2,25,26,35,45,44,20,63,53,5,4,3,1,8,41,58,17,28,20,24,29,8,39,2,35,37,8,12,5,9
4,19,34,5,2,25,26,35,45,44,20,63,53,5,4,3,1,8,41,58,17,28,20,24,29,8,39,2,35,37,8,12,5,9
4,20,34,5,2,25,26,35,45,44,20,63,53,5,4,3,1,8,41,58,17,28,20,24,29,8,39,2,35,37,8,12,5,9
4,21,34,5,2,25,26,34,45,44,20,63,53,5,4,3,1,8,41,58,17,28,20,24,29,8,39,3,34,37,8,12,5,9
4,22,34,5,2,25,26,34,45,44,20,63,53,5,4,3,1,8,41,58,17,28,20,24,29,8,39,3,34,37,8,12,5,9
4,23,34,5,2,25,26,34,45,44,20,63,53,5,4,3,1,8,41,58,17,28,20,24,29,8,39,3,34,37,8,12,5,9
4,24,34,5,2,25,26,34,45,44,20,63,53,5,4,3,1,8,41,58,17,28,20,24,29,8,39,3,34,37,8,12,5,9
4,25,34,5,3,25,26,34,45,44,20,63,53,5,4,3,1,8,41,58,17,28,19,24,29,8,39,3,34,37,8,12,5,9
4,26,34,5,3,25,26,34,45,44,20,63,53,5,4,3,1,8,41,58,17,28,19,24,29,8,39,3,34,37,8,12,5,9
4,27,34,5,3,25,26,34,45,44,20,63,53,5,4,3,1,8,41,58,17,28,19,24,29,8,39,3,34,37,8,12,5,9
4,28,34,5,3,25,26,34,45,44,20,63,53,5,4,3,1,8,41,58,17,28,19,24,29,8,39,3,34,37,8,12,5,9
4,29,34,5,3,25,26,34,45,44,20,63,53,5,4,3,1,8,41,58,17,28,19,24,29,8,39,2,33,37,5,12,5,9
4,30,34,5,3,25,26,34,45,44,20,63,53,5,4,3,1,8,41,58,17,28,19,24,29,8,39,2,33,37,5,12,5,9
4,31,34,5,3,25,26,34,45,44,20,63,53,5,4,3,1,8,41,58,17,28,19,24,29,8,39,2,33,37,5,12,4,9
4,32,34,5,3,25,26,34,45,44,20,63,53,5,4,3,1,8,41,58,17,28,19,24,29,8,39,2,33,37,5,12,4,9
4,33,34,5,3,25,26,34,45,44,20,63,53,5,4,3,1,8,41,58,17,28,20,24,29,8,39,2,34,37,5,12,5,9
4,34,34,5,2,25,26,34,45,44,20,63,53,5,4,3,1,8,41,58,17,28,20,24,29,8,39,3,33,37,5,12,5,9
4,35,34,5,2,25,26,34,45,44,20,63,53,5,4,3,1,8,41,58,17,28,20,24,29,8,39,3,33,37,5,12,5,9
4,36,34,5,2,25,26,34,45,44,20,63,53,5,4,3,1,8,41,58,17,28,20,24,29,8,39,3,33,37,5,12,5,9
4,37,34,5,2,25,26,34,45,44,20,63,53,5,4,3,1,8,41,58,17,28,20,24,29,8,39,3,33,37,5,12,5,9
4,38,34,5,2,25,26,34,45,44,20,63,53,5,4,3,1,8,41,58,17,28,20,24,29,8,39,3,33,37,5,12,5,9
4,39,34,5,0,25,26,34,45,44,20,63,53,5,4,3,1,8,41,58,17,28,20,24,29,8,39,3,35,37,5,12,5,9
5,0,28,49,46,0,1,7,45,3,42,23,25,23,22,43,6,1,27,31,17,8,33,33,15,7,29,39,31,0,51,0,40,9
5,1,28,5,46,0,1,6,45,11,42,23,25,23,22,0,6,1,29,31,17,51,33,4,15,7,29,39,31,23,51,0,40,9
5,2,28,5,22,0,1,6,45,11,42,23,25,23,22,0,6,1,1,31,8,51,33,4,15,7,29,39,55,23,51,0,2,9
5,3,28,5,22,0,1,6,45,11,42,23,25,23,22,0,6,1,1,30,8,51,33,4,36,7,24,39,55,23,44,0,2,9
5,4,28,5,22,49,1,6,55,11,20,23,25,23,22,0,6,1,1,30,8,51,33,4,8,7,24,39,55,23,44,0,2,9
5,5,28,5,22,49,1,6,55,11,20,16,25,23,22,0,6,13,1,30,8,51,38,4,8,7,24,39,55,23,44,0,2,9
5,6,28,5,22,1,1,6,55,11,20,16,25,23,22,0,6,13,1,33,8,51,38,4,8,6,24,39,55,23,44,0,2,9
5,7,28,5,22,1,1,6,55,11,20,16,25,23,22,0,6,13,1,33,8,51,38,4,8,6,24,39,55,23,44,0,2,9
5,8,28,5,22,1,1,6,55,11,20,16,25,23,22,0,6,13,1,33,8,51,38,4,8,6,24,39,55,23,44,0,2,9
5,9,28,5,22,1,1,6,55,11,20,16,25,23,22,0,6,13,1,33,8,51,38,4,8,6,24,39,55,23,44,0,2,9
5,10,28,5,22,1,1,6,55,11,20,16,25,23,22,0,6,13,1,33,8,51,38,4,8,6,24,39,55,23,44,0,2,9
5,11,28,5,22,1,1,6,55,11,20,16,25,23,22,0,6,13,1,33,8,51,38,4,8,6,24,39,55,23,44,0,2,9
5,12,28,5,22,1,1,6,55,11,20,16,25,23,22,0,6,13,1,33,8,51,38,4,8,6,24,39,55,23,44,0,2,9
5,13,28,5,22,1,4,6,55,11,20,16,25,23,22,0,6,13,1,33,8,51,38,4,8,6,24,39,55,23,44,0,2,9
5,14,28,5,22,1,4,7,55,11,20,16,25,23,22,0,6,13,1,33,8,51,38,4,8,6,24,39,55,23,44,0,2,9
5,15,28,5,22,1,4,7,55,11,20,16,25,23,22,0,6,13,1,33,8,51,38,4,8,6,24,39,55,23,44,0,2,9
5,16,28,5,22,1,4,6,55,11,20,16,25,23,22,0,6,13,1,33,8,51,38,4,8,6,24,39,55,23,44,0,2,9
5,17,28,5,22,1,4,6,55,11,20,16,25,23,22,0,6,13,1,33,8,51,38,4,8,6,24,39,55,23,44,0,2,9
5,18,28,5,22,1,4,6,55,11,20,16,25,23,22,0,6,13,1,33,8,51,38,4,8,6,24,39,55,23,44,0,2,9
5,19,28,5,22,1,1,6,55,11,20,16,25,23,22,0,6,13,1,33,8,51,38,4,8,7,24,40,55,23,44,0,2,9
5,20,28,5,22,1,1,7,55,11,20,16,25,23,22,0,6,13,1,33,8,51,38,4,8,7,24,40,55,23,44,0,2,9
5,21,28,5,22,1,1,7,55,11,20,16,25,23,22,0,6,13,1,33,8,51,38,4,8,7,24,40,55,23,44,0,2,9
5,22,28,5,22,1,1,6,55,11,20,16,25,23,22,0,6,13,1,33,8,51,38,4,8,7,24,39,55,23,44,0,2,9
5,23,28,5,22,1,1,6,55,11,20,16,25,23,22,0,6,13,1,33,8,51,38,4,8,7,24,39,55,23,44,0,2,9
5,24,28,5,22,1,1,7,55,11,20,16,25,23,22,0,6,13,1,33,8,51,38,4,8,7,24,39,55,23,44,0,2,9
5,25,28,5,22,1,1,7,55,11,20,16,25,23,22,0,6,13,1,33,8,51,38,4,8,7,24,39,55,23,44,0,2,9
5,26,28,5,22,1,1,7,55,11,20,16,25,23,22,0,6,13,1,33,8,51,38,4,8,7,24,39,55,23,44,0,2,9
5,27,28,5,22,1,1,7,55,11,20,16,25,23,22,0,6,13,1,33,8,51,38,4,8,7,24,39,55,23,44,0,2,9
5,28,28,5,22,1,1,6,55,11,20,16,25,23,22,0,6,13,1,33,8,51,38,4,8,7,24,39,55,23,44,0,2,9
5,29,28,5,22,1,1,6,55,11,20,16,25,23,22,0,6,13,1,33,8,51,38,4,8,7,24,39,55,23,44,0,2,9
5,30,28,5,22,1,4,6,55,11,20,16,25,23,22,0,6,13,1,33,8,51,38,4,8,7,24,39,55,23,44,0,2,9
5,31,28,5,22,1,4,6,55,11,20,16,25,23,22,0,6,13,1,33,8,51,38,4,8,7,24,39,55,23,44,0,2,9
5,32,28,5,22,1,4,6,55,11,20,16,25,23,22,0,6,13,1,33,8,51,38,4,8,7,24,39,55,23,44,0,2,9
5,33,28,5,22,1,4,6,55,11,20,16,25,23,22,0,6,13,1,33,8,51,38,4,8,7,24,39,55,23,44,0,2,9
5,34,28,5,22,1,4,6,55,11,20,16,25,23,22,0,6,13,1,33,8,51,38,4,8,7,24,39,55,23,44,0,2,9
5,35,28,5,22,1,4,6,55,11,20,16,25,23,22,0,6,13,1,33,8,51,38,4,8,7,24,39,55,23,44,0,2,9
5,36,28,5,22,1,4,6,55,11,20,16,25,23,22,0,6,13,1,33,8,51,38,4,8,7,24,39,55,23,44,0,2,9
5,37,28,5,22,1,4,6,55,11,20,16,25,23,22,0,6,13,1,33,8,51,38,4,8,7,24,39,55,23,44,0,2,9
5,38,28,5,22,1,4,6,55,11,20,16,25,23,22,0,6,13,1,33,8,51,38,4,8,7,24,39,55,23,44,0,2,9
5,39,28,5,22,1,4,7,55,11,20,17,25,23,22,0,6,13,1,33,8,51,38,4,8,7,24,39,55,23,44,0,2,9
6,0,28,49,19,21,28,8,10,4,42,23,5,23,22,43,24,4,41,12,43,2,33,24,16,41,29,39,47,8,54,23,26,4
6,1,27,49,22,21,28,8,8,4,42,23,5,7,24,3,29,4,41,12,43,14,61,17,1,41,29,19,14,8,36,23,2,9
6,2,27,11,22,21,6,8,8,4,42,23,5,22,24,3,29,4,41,12,7,14,46,4,1,27,29,19,14,8,36,23,2,9
6,3,27,11,22,21,6,8,7,4,42,23,5,3,54,3,29,4,41,12,7,14,1,31,1,27,29,19,14,8,36,23,2,9
6,4,27,11,22,38,6,8,8,43,21,22,12,3,54,3,29,4,30,12,7,14,1,31,1,27,24,19,14,0,36,23,2,9
6,5,28,11,22,38,6,8,8,43,21,22,12,3,54,3,29,4,30,12,7,14,1,31,1,27,24,19,14,0,36,23,2,9
6,6,28,11,22,21,6,8,7,43,42,22,12,3,54,3,29,4,30,12,6,14,1,31,1,27,24,19,14,0,36,23,2,9
6,7,28,11,22,21,6,8,8,43,42,22,12,3,54,3,29,4,30,12,6,14,1,31,1,27,24,19,14,0,36,23,2,9
6,8,28,11,22,21,6,8,8,43,42,22,12,3,54,3,29,4,30,12,6,14,1,31,1,27,24,19,14,0,36,23,2,9
6,9,28,11,22,21,6,8,8,43,42,22,12,3,54,3,29,4,30,12,6,14,1,31,1,27,24,19,14,0,36,23,2,9
6,10,28,11,22,21,6,8,8,43,42,22,12,3,54,3,29,4,30,12,6,14,1,31,1,27,24,19,14,0,36,23,2,9
6,11,28,11,22,21,6,8,7,43,42,22,12,3,54,3,29,4,30,12,6,14,1,31,1,27,24,19,14,0,36,23,2,9
6,12,28,11,22,21,6,8,8,43,42,22,12,3,54,3,29,4,30,12,6,14,1,31,1,27,24,19,14,0,36,23,2,9
6,13,28,11,22,21,6,8,8,43,42,22,12,3,54,3,29,4,30,12,6,14,1,31,1,27,24,19,14,0,36,23,2,9
6,14,28,11,22,21,6,8,7,43,42,22,12,3,54,3,29,4,30,12,6,14,1,31,1,27,24,19,14,0,36,23,2,9
6,15,28,11,22,21,6,8,8,43,42,22,12,3,54,3,29,4,30,12,6,14,1,31,1,27,24,19,14,0,36,23,2,9
6,16,28,11,22,21,6,8,7,43,42,22,12,3,54,3,29,4,27,12,6,14,1,31,1,27,24,19,14,0,36,23,2,9
6,17,28,11,22,21,6,8,7,43,42,22,12,3,54,3,29,4,27,12,7,14,1,31,1,27,24,19,14,0,36,23,2,9
6,18,28,11,22,21,6,8,7,43,42,22,12,3,54,3,29,4,27,12,7,14,1,31,1,27,24,19,14,0,36,23,2,9
6,19,28,11,22,21,6,8,8,43,42,22,12,3,54,3,29,4,27,12,7,14,1,31,1,27,24,19,14,0,36,23,2,9
6,20,28,11,22,21,6,8,8,43,42,22,12,3,54,3,29,4,27,12,7,14,1,31,1,27,24,19,14,0,36,23,2,9
6,21,28,11,22,21,6,8,8,43,42,22,12,3,54,3,29,4,27,12,7,14,1,31,1,27,24,19,14,0,36,23,2,9
6,22,28,11,22,21,6,8,8,43,42,22,12,3,54,3,29,4,27,12,7,14,1,31,1,27,24,19,14,0,36,23,2,9
6,23,28,11,22,21,6,8,8,43,42,22,12,3,54,3,29,4,27,12,7,14,1,31,1,27,24,19,14,0,36,23,2,9
6,24,28,11,22,21,6,8,7,43,42,22,12,3,54,3,29,4,27,12,6,14,1,31,1,27,24,19,14,0,36,23,2,9
6,25,28,11,22,21,6,8,7,43,42,22,12,3,54,3,29,4,27,12,6,14,1,31,1,27,24,19,14,0,36,23,2,9
6,26,28,11,22,21,6,8,8,43,42,22,12,3,54,3,29,4,27,12,6,14,1,31,1,27,24,19,14,0,36,23,2,9
6,27,28,11,22,21,6,8,8,43,42,22,12,3,54,3,29,4,27,12,6,14,1,31,1,27,24,19,14,0,36,23,2,9
6,28,28,11,22,21,6,8,7,43,42,22,12,3,54,3,29,4,27,12,6,14,1,31,1,27,24,19,14,0,36,23,2,9
6,29,28,11,22,21,6,8,7,43,42,22,12,3,54,3,29,4,27,12,6,14,1,31,1,27,24,19,14,0,36,23,2,9
6,30,28,11,22,21,6,8,7,43,42,22,12,3,54,3,29,4,27,12,6,14,2,31,1,27,24,19,14,0,36,23,2,9
6,31,28,11,22,21,6,8,7,43,42,22,12,3,54,3,29,4,30,12,6,14,2,31,1,27,24,19,14,0,36,23,2,9
6,32,28,11,22,21,6,8,8,43,42,22,12,3,54,3,29,4,30,12,6,14,2,31,1,27,24,19,14,0,36,23,2,9
6,33,28,11,22,21,6,8,8,43,42,22,12,3,54,3,29,4,30,12,6,14,2,31,1,27,24,19,14,0,36,23,2,9
6,34,28,11,22,21,6,8,7,43,42,22,12,3,54,3,29,4,30,12,6,14,2,31,1,27,24,19,14,0,36,23,2,9
6,35,28,11,22,21,6,8,7,43,42,22,12,3,54,3,29,4,30,12,6,14,2,31,1,27,24,19,14,0,36,23,2,9
6,36,28,11,22,21,6,8,8,43,42,22,12,3,54,3,29,4,30,12,6,14,2,31,1,27,24,19,14,0,36,23,2,9
6,37,28,11,22,21,6,8,7,43,42,22,12,3,54,3,29,4,27,12,6,14,2,31,1,27,24,19,14,0,36,23,2,9
6,38,28,11,22,21,6,8,7,43,42,22,12,3,54,3,29,4,27,12,6,14,2,31,1,27,24,19,14,0,36,23,2,9
6,39,28,11,22,21,6,8,7,43,42,22,12,3,54,3,29,4,27,12,6,14,2,31,1,27,24,19,14,0,36,23,2,9
7,0,28,25,19,3,28,35,17,5,29,23,16,23,21,33,4,19,41,31,24,3,33,1,7,5,51,40,1,1,23,23,27,4
7,1,33,25,19,9,28,7,10,5,29,23,6,23,21,3,32,19,41,31,6,3,33,1,7,11,24,40,14,9,23,12,2,12
7,2,33,12,22,12,28,7,10,5,60,23,6,23,21,42,32,19,41,33,6,3,46,1,7,11,24,40,14,9,23,12,4,9
7,3,33,12,22,12,28,7,55,5,60,23,6,23,21,61,32,19,41,33,6,3,46,1,7,11,24,40,14,9,23,12,5,45
7,4,33,12,22,12,36,7,55,5,60,63,6,15,21,61,32,19,41,33,6,3,46,1,7,11,24,59,14,9,23,12,5,45
7,5,33,12,44,12,36,7,55,5,60,63,6,15,21,43,32,19,41,33,6,3,46,1,7,11,24,59,14,9,23,12,5,45
7,6,33,12,44,12,36,7,55,5,60,63,6,15,21,43,32,19,41,30,6,3,46,1,7,11,24,59,14,9,23,12,5,45
7,7,33,12,44,12,36,7,55,5,60,63,6,15,21,43,32,19,41,30,6,3,46,1,7,11,24,59,14,9,23,12,5,45
7,8,33,12,44,12,36,7,55,5,60,63,6,15,21,43,32,19,41,30,6,3,46,0,7,11,24,59,14,9,23,12,5,45
7,9,33,12,44,12,36,7,55,5,60,63,6,15,21,43,32,19,41,30,6,3,46,0,7,11,24,59,14,9,23,12,5,45
7,10,33,12,44,12,36,7,55,5,60,63,6,15,21,43,32,19,41,30,6,3,46,1,7,11,24,59,14,9,23,12,5,45
7,11,33,12,44,12,36,7,55,5,60,63,6,15,21,43,32,19,41,30,6,3,46,0,7,11,24,59,14,9,23,12,5,45
7,12,33,12,44,12,36,7,55,5,60,63,6,15,21,43,32,19,41,33,6,3,46,1,7,11,24,59,14,9,23,12,5,45
7,13,33,12,44,12,36,7,55,5,60,63,2,15,21,43,32,19,41,33,6,3,46,1,7,11,24,59,14,9,23,12,5,45
7,14,33,12,44,12,36,7,55,5,60,63,2,15,21,43,32,19,41,33,6,3,46,1,7,11,24,59,14,9,23,12,5,45
7,15,33,12,44,12,36,7,55,5,60,63,2,15,21,43,32,19,41,33,7,3,46,0,7,11,24,59,14,9,23,12,5,45
7,16,33,12,44,12,36,7,55,5,60,63,2,15,21,43,32,19,41,33,7,3,46,0,7,11,24,59,14,9,23,12,5,45
7,17,33,13,44,12,36,7,55,5,60,63,2,15,21,43,32,19,41,30,7,3,46,0,7,11,24,59,14,9,23,12,5,45
7,18,33,13,44,12,36,7,55,5,60,63,2,15,21,43,32,19,41,33,7,3,46,1,7,11,24,59,14,9,23,12,5,45
7,19,33,13,44,12,36,7,55,5,60,63,2,15,21,43,32,19,41,33,6,3,46,1,7,11,24,59,14,9,23,12,5,45
7,20,33,13,44,12,36,7,55,5,60,63,3,15,21,43,32,19,41,33,6,3,46,1,7,11,24,59,14,9,23,12,5,45
7,21,33,13,44,12,36,7,55,5,60,63,3,15,21,43,32,19,41,33,6,3,46,1,7,11,24,59,14,9,23,12,5,45
7,22,33,13,44,12,36,7,55,5,60,63,3,15,21,43,32,19,41,30,6,3,46,0,7,11,24,59,14,9,23,12,5,45
7,23,33,13,44,12,36,7,55,5,60,63,3,15,21,43,32,19,41,30,6,3,46,0,7,11,24,59,14,9,23,12,5,45
7,24,33,13,44,12,36,7,55,5,60,63,3,15,21,43,32,19,41,30,6,3,46,0,7,11,24,59,14,9,23,12,5,45
7,25,33,13,44,12,36,7,55,5,60,63,3,15,21,43,32,19,41,30,6,3,46,0,7,11,24,59,14,9,23,12,5,45
7,26,33,13,44,12,36,7,55,5,60,63,3,15,21,43,32,19,41,30,6,3,46,0,7,11,24,59,14,9,23,12,5,45
7,27,33,13,44,12,36,7,55,5,60,63,3,15,21,43,32,19,41,30,6,3,46,1,7,11,24,59,14,9,23,12,5,45
7,28,33,13,44,12,36,7,55,5,60,63,3,15,21,43,32,19,41,30,6,3,46,1,7,11,24,59,14,9,23,12,5,45
7,29,33,13,44,12,36,7,55,5,60,63,3,15,21,43,32,19,41,30,6,3,46,1,7,11,24,59,14,9,23,12,5,45
7,30,33,13,44,12,36,7,55,5,60,63,3,15,21,43,32,19,41,30,6,3,46,1,7,11,24,59,14,9,23,12,5,45
7,31,33,13,44,12,36,7,55,5,60,63,6,15,21,43,32,19,41,30,6,3,46,1,7,11,24,59,14,9,23,12,5,45
7,32,33,13,44,12,36,7,55,5,60,63,6,15,21,43,32,19,41,30,6,3,46,0,7,11,24,59,14,9,23,12,5,45
7,33,33,13,44,12,36,7,55,5,60,63,6,15,21,43,32,19,41,30,6,3,46,0,7,11,24,59,14,9,23,12,5,45
7,34,33,13,44,12,36,7,55,5,60,63,6,15,21,43,32,19,41,30,6,3,46,0,7,11,24,59,14,9,23,12,5,45
7,35,33,13,44,12,36,7,55,5,60,63,6,15,21,43,32,19,41,30,6,3,46,0,7,11,24,59,14,9,23,12,5,45
7,36,33,13,44,12,36,7,55,5,60,63,6,15,21,43,32,19,41,30,6,3,46,1,7,11,24,59,14,9,23,12,5,45
7,37,33,13,44,12,36,7,55,5,60,63,6,15,21,43,32,19,41,30,6,3,46,1,7,11,24,59,14,9,23,12,5,45
7,38,33,13,44,12,36,7,55,5,60,63,6,15,21,43,32,19,41,30,6,3,46,1,7,11,24,59,14,9,23,12,5,45
7,39,33,13,44,12,36,7,55,5,60,63,6,15,21,43,32,19,41,30,6,3,46,1,7,11,24,59,14,9,23,12,5,45
8,0,28,49,19,5,28,22,9,7,29,23,5,3,22,43,4,13,29,18,17,9,63,24,30,25,29,24,39,6,54,23,0,1
8,1,28,8,19,5,7,22,9,11,29,23,3,3,22,3,4,9,29,1,17,9,63,1,1,36,29,0,39,23,54,0,0,9
8,2,13,8,30,5,7,22,9,43,20,23,31,35,3,1,4,9,28,1,17,9,63,1,1,36,29,31,55,20,54,0,10,9
8,3,13,8,30,5,7,22,9,47,20,23,12,35,3,0,4,9,29,1,17,9,63,32,1,36,29,31,55,3,54,0,10,9
8,4,13,8,30,5,7,22,9,47,20,23,24,35,3,0,4,9,29,1,17,0,63,32,1,36,54,31,25,3,54,0,10,9
8,5,13,8,30,5,7,21,9,47,20,23,56,35,3,0,4,9,29,1,17,0,63,32,1,36,54,31,25,3,54,0,10,9
8,6,13,8,30,5,7,22,9,47,20,23,56,22,3,0,4,9,29,1,17,0,63,32,1,36,54,31,25,3,54,0,10,9
8,7,13,8,30,5,7,22,9,47,20,23,56,22,3,0,4,9,29,1,17,0,63,32,1,36,54,31,25,3,54,0,10,9
8,8,13,8,30,5,7,21,9,47,20,23,56,22,3,0,4,9,29,1,17,0,63,32,1,36,54,31,25,3,54,0,10,9
8,9,13,8,30,5,7,22,9,47,20,23,56,22,3,0,4,9,29,1,17,0,63,31,1,37,54,31,25,3,54,0,10,9
8,10,13,8,30,5,7,22,9,47,20,23,56,22,3,0,4,9,29,1,17,0,63,31,1,37,54,31,25,3,54,0,10,9
8,11,13,8,30,5,7,22,9,47,20,23,56,22,3,0,4,9,28,1,17,0,63,31,1,37,54,31,25,3,54,0,10,9
8,12,13,8,30,5,7,22,9,47,20,23,56,22,3,0,4,9,29,1,17,0,63,31,1,37,54,31,25,3,54,0,10,9
8,13,13,8,30,5,7,21,9,47,20,23,56,22,3,0,4,9,29,1,17,0,63,31,1,37,54,31,25,3,54,0,10,9
8,14,13,8,30,5,7,21,9,47,20,23,56,22,3,0,4,9,28,1,17,0,63,31,1,37,54,31,25,3,54,0,10,9
8,15,13,8,30,5,9,21,9,47,20,23,56,22,3,0,4,9,29,1,17,0,63,31,1,37,54,31,25,3,54,0,10,9
8,16,13,8,30,5,9,21,9,47,20,23,56,22,3,0,4,9,29,1,17,0,63,31,1,37,54,31,25,3,54,0,10,9
8,17,13,8,30,5,9,21,9,47,20,23,56,22,3,0,4,9,29,1,17,0,63,31,1,37,54,31,25,3,54,0,10,9
8,18,13,8,31,5,9,21,9,47,20,23,56,22,3,0,4,9,29,1,17,0,63,31,1,37,54,31,25,3,54,0,10,9
8,19,13,8,31,5,9,21,9,47,20,23,56,22,3,0,4,9,28,1,17,0,63,31,1,37,54,31,25,3,54,0,10,9
8,20,13,8,31,5,9,22,9,47,20,23,56,22,3,0,4,9,28,1,17,0,63,31,1,37,54,31,25,3,54,0,10,9
8,21,13,8,31,5,9,22,9,47,20,23,56,22,3,0,4,9,29,1,17,0,63,31,1,37,54,31,25,3,54,0,10,9
8,22,13,8,31,5,9,22,9,47,20,23,56,22,3,0,4,9,28,1,17,0,63,31,1,37,54,31,25,3,54,0,10,9
8,23,13,8,31,5,9,22,9,47,20,23,56,22,3,0,4,9,28,1,17,0,63,31,1,37,54,31,25,3,54,0,10,9
8,24,13,8,31,5,9,22,9,47,20,23,56,22,3,0,4,9,29,1,17,0,63,31,1,37,54,31,25,3,54,0,10,9
8,25,13,8,31,5,9,22,9,47,20,23,56,22,3,0,4,9,29,1,17,0,63,31,1,37,54,31,25,3,54,0,10,9
8,26,13,8,31,5,9,22,9,47,20,23,56,22,3,0,4,9,28,1,17,0,63,31,1,37,54,31,25,3,54,0,10,9
8,27,13,8,31,5,9,22,9,47,20,23,56,22,3,0,4,9,28,1,17,0,63,31,1,37,54,31,25,3,54,0,10,9
8,28,13,8,31,5,9,21,9,47,20,23,56,22,3,0,4,9,28,1,17,0,63,31,1,37,54,31,25,2,54,0,10,9
8,29,13,8,31,5,9,21,9,47,20,23,56,22,3,0,4,9,29,1,17,0,63,31,1,37,54,31,25,2,54,0,10,9
8,30,13,8,31,5,9,21,9,47,20,23,56,22,3,0,4,9,29,1,17,0,63,31,1,37,54,31,25,2,54,0,10,9
8,31,13,8,32,5,9,21,9,47,20,23,56,22,3,0,4,9,28,1,17,0,63,31,1,37,54,31,25,2,54,0,10,9
8,32,13,8,32,5,9,21,9,47,20,23,56,22,3,0,4,9,29,1,17,0,63,31,1,37,54,31,25,2,54,0,10,9
8,33,13,8,32,5,9,22,9,47,20,23,56,22,3,0,4,9,28,1,17,0,63,31,1,37,54,31,25,2,54,0,10,9
8,34,13,8,32,5,9,22,9,47,20,23,56,22,3,0,4,9,28,1,17,0,63,31,1,37,54,31,25,2,54,0,10,9
8,35,13,8,32,5,9,22,9,47,20,23,56,22,3,0,4,9,29,1,17,0,63,31,1,37,54,31,25,2,54,0,10,9
8,36,13,8,32,5,9,22,9,47,20,23,56,22,3,0,4,9,28,1,17,0,63,31,1,37,54,31,25,2,54,0,10,9
8,37,13,8,32,5,9,21,9,47,20,23,56,22,3,0,4,9,29,1,17,0,63,31,1,37,54,31,25,3,54,0,10,9
8,38,13,8,32,5,9,22,9,47,20,23,56,22,3,0,4,9,28,1,17,0,63,31,1,37,54,31,25,3,54,0,10,9
8,39,13,8,32,5,9,22,9,47,20,23,56,22,3,0,4,9,28,1,17,0,63,31,1,37,54,31,25,3,54,0,10,9
9,0,44,25,19,21,28,27,1,7,29,23,24,2,22,24,6,5,30,34,8,8,33,24,44,4,29,39,25,1,54,23,7,4
9,1,15,8,19,12,11,27,1,7,12,23,24,7,22,3,6,8,30,58,0,14,33,24,11,4,29,39,14,29,25,23,7,9
9,2,15,5,19,12,3,27,1,7,12,23,7,19,2,3,29,8,1,58,0,14,33,4,11,4,29,36,14,44,25,55,7,9
9,3,15,5,19,12,3,35,2,7,12,23,1,19,56,3,29,8,35,58,0,14,12,31,11,4,29,18,14,44,25,55,7,9
9,4,15,5,19,12,3,35,2,7,12,23,1,19,56,3,29,8,35,58,0,20,12,31,5,4,29,18,14,44,25,55,7,9
9,5,15,5,19,12,3,35,2,5,12,23,7,19,56,3,29,8,35,58,0,20,12,32,5,4,29,59,14,44,25,55,7,9
9,6,14,5,19,0,3,35,2,5,12,23,7,19,56,3,29,8,35,58,0,20,12,32,5,4,29,59,41,44,25,55,7,9
9,7,14,5,19,0,3,35,2,5,12,23,7,19,56,3,29,8,35,28,0,14,12,32,5,4,29,59,41,37,25,55,7,9
9,8,14,5,19,0,3,35,2,5,12,23,1,19,56,3,29,8,35,28,0,14,12,31,5,4,14,59,41,3,25,55,7,9
9,9,14,5,19,0,3,35,1,5,12,23,7,19,56,3,29,8,22,28,0,14,12,31,5,4,14,59,41,3,25,55,7,9
9,10,15,5,19,0,3,35,2,5,12,23,7,19,56,3,29,8,22,28,0,14,12,32,5,4,14,18,1,3,25,55,7,9
9,11,15,5,19,0,3,35,2,5,12,23,7,19,56,3,29,8,22,28,0,14,12,32,5,4,14,18,1,3,25,55,7,9
9,12,15,5,19,0,3,35,2,5,12,23,7,19,56,3,29,8,22,28,0,14,12,32,5,4,14,18,1,3,25,55,7,9
9,13,15,5,19,0,3,35,2,5,12,23,7,19,56,3,29,8,22,28,0,14,12,32,5,4,14,18,1,3,25,55,7,9
9,14,15,5,19,0,3,35,1,5,12,23,7,19,56,3,29,8,22,28,0,14,12,32,5,4,14,18,1,3,25,55,7,9
9,15,14,5,19,0,3,35,1,5,12,23,7,19,56,3,29,8,22,28,0,14,12,32,5,4,14,18,1,2,25,55,7,9
9,16,14,5,19,0,3,35,1,5,12,23,1,19,56,3,29,8,22,28,0,14,12,32,5,4,14,18,1,2,25,55,7,9
9,17,14,5,19,0,3,35,1,5,12,23,1,19,56,3,29,8,22,28,0,14,12,32,5,4,14,18,1,2,25,55,7,9
9,18,14,5,19,0,3,35,1,5,12,23,7,19,56,3,29,8,22,28,0,14,12,32,5,4,14,18,1,2,25,55,7,9
9,19,14,5,19,0,3,35,1,5,12,23,1,19,56,3,29,8,22,28,0,14,12,32,5,4,14,18,1,2,25,55,7,9
9,20,14,5,19,0,3,35,1,5,12,23,1,19,56,3,29,8,22,28,0,14,12,32,5,4,14,18,1,2,25,55,7,9
9,21,14,5,19,0,3,34,1,5,12,23,1,19,56,3,29,8,22,28,0,14,12,32,5,4,14,18,1,2,25,55,7,9
9,22,14,5,19,0,3,34,2,5,12,23,1,19,56,3,29,8,22,28,0,14,12,32,5,4,14,18,1,2,25,55,7,9
9,23,14,5,19,0,3,34,2,5,12,23,1,19,56,3,29,8,22,28,0,14,12,32,5,4,14,18,1,2,25,55,7,9
9,24,14,5,19,0,3,34,2,5,12,23,1,19,56,3,29,8,22,28,0,14,12,32,5,4,14,18,1,3,25,55,7,9
9,25,14,5,19,0,3,34,2,5,12,23,7,19,56,3,29,8,22,28,0,14,12,31,5,4,14,18,1,3,25,55,7,9
9,26,14,5,19,0,3,34,2,5,12,23,7,19,56,3,29,8,22,28,0,14,12,31,5,4,14,18,1,3,25,55,7,9
9,27,15,5,19,0,3,34,2,5,12,23,7,19,56,3,29,8,22,28,0,14,12,31,5,4,14,18,1,2,25,55,7,9
9,28,15,5,19,0,3,34,1,5,12,23,7,19,56,3,29,8,22,28,0,14,12,31,5,4,14,18,1,2,25,55,7,9
9,29,14,5,19,0,3,34,1,5,12,23,7,19,56,3,29,8,22,28,0,14,12,32,5,4,14,18,1,2,25,55,7,9
9,30,14,5,19,0,3,34,1,5,12,23,7,19,56,3,29,8,22,28,0,14,12,32,5,4,14,18,1,2,25,55,7,9
9,31,14,5,19,0,3,34,2,5,12,23,7,19,56,3,29,8,22,28,0,14,12,32,5,4,14,18,1,2,25,55,7,9
9,32,14,5,19,0,3,34,2,5,12,23,7,19,56,3,29,8,22,28,0,14,12,31,5,4,14,18,1,2,25,55,7,9
9,33,14,5,19,0,3,34,1,5,12,23,1,19,56,3,29,8,22,28,0,14,12,31,5,4,14,18,1,2,25,55,7,9
9,34,14,5,19,0,3,34,2,5,12,23,1,19,56,3,29,8,22,28,0,14,12,31,5,4,14,18,1,2,25,55,7,9
9,35,14,5,19,0,3,34,2,5,12,23,1,19,56,3,29,8,22,28,0,14,12,31,5,4,14,18,1,2,25,55,7,9
9,36,14,5,19,0,3,34,2,5,12,23,1,19,56,3,29,8,22,28,0,14,12,31,5,4,14,18,1,2,25,55,7,9
9,37,14,5,19,0,3,34,1,5,12,23,1,19,56,3,29,8,22,28,0,14,12,31,5,4,14,18,1,2,25,55,7,9
9,38,14,5,19,0,3,35,1,5,12,23,7,19,56,3,29,8,22,28,0,14,12,31,5,4,14,18,1,2,25,55,7,9
9,39,14,5,19,0,3,35,1,5,12,23,7,19,56,3,29,8,22,28,0,14,12,31,5,4,14,18,1,2,25,55,7,9
